timestamp_sec,elapsed_sec,an0_volts,temp_c,an1_volts,intensity_cps
1656105577.87254,0.32035303115844727,0.05340657663843748,28.108724546546043,0.0,0.0
1656105578.002788,0.45060110092163086,0.05338750286106661,28.098685716350847,0.0,0.0
1656105578.152809,0.6006219387054443,0.05338750286106661,28.098685716350847,0.0,0.0
1656105578.280716,0.7285289764404297,0.05338750286106661,28.098685716350847,0.0,0.0
1656105578.409817,0.8576300144195557,0.05336842908369574,28.088646886155654,0.0,0.0
1656105578.552788,1.000601053237915,0.05336842908369574,28.088646886155654,0.0,0.0
1656105578.6807098,1.1285228729248047,0.05336842908369574,28.088646886155654,0.0,0.0
1656105578.80847,1.2562830448150635,0.05334935530632487,28.07860805596046,0.0,0.0
1656105578.952808,1.400620937347412,0.05334935530632487,28.07860805596046,0.0,0.0
1656105579.0808032,1.528616189956665,0.053330281528954,28.068569225765263,0.0,0.0
1656105579.212057,1.6598701477050781,0.053330281528954,28.068569225765263,0.0,0.0
1656105579.360817,1.8086299896240234,0.053330281528954,28.068569225765263,0.0,0.0
1656105579.488808,1.9366209506988525,0.05331120775158313,28.058530395570067,0.0,0.0
1656105579.6171782,2.0649912357330322,0.05331120775158313,28.058530395570067,0.0,0.0
1656105579.760612,2.2084250450134277,0.05331120775158313,28.058530395570067,0.0,0.0
1656105579.8889449,2.3367578983306885,0.05331120775158313,28.058530395570067,0.0,0.0
1656105580.018534,2.4663469791412354,0.053330281528954,28.068569225765263,0.0,0.0
1656105580.1688168,2.6166298389434814,0.05331120775158313,28.058530395570067,0.0,0.0
1656105580.296681,2.7444939613342285,0.05331120775158313,28.058530395570067,0.0,0.0
1656105580.424907,2.8727200031280518,0.05327306019684139,28.03845273517968,0.0,0.0
1656105580.568644,3.0164570808410645,0.05325398641947052,28.028413904984486,0.0,0.0
1656105580.696796,3.144608974456787,0.05325398641947052,28.028413904984486,0.0,0.0
1656105580.826293,3.274106025695801,0.05336842908369574,28.088646886155654,0.0,0.0
1656105580.968703,3.416516065597534,0.05329213397421226,28.048491565374874,0.0,0.0
1656105581.096713,3.5445261001586914,0.05327306019684139,28.03845273517968,0.0,0.0
1656105581.224393,3.672205924987793,0.05325398641947052,28.028413904984486,0.0,0.0
1656105581.3686981,3.8165111541748047,0.05325398641947052,28.028413904984486,0.0,0.0
1656105581.496616,3.9444289207458496,0.05325398641947052,28.028413904984486,0.0,0.0
1656105581.631161,4.078974008560181,0.05325398641947052,28.028413904984486,0.0,0.0
1656105581.776448,4.224261045455933,0.05323491264209965,28.018375074789287,0.0,0.0
1656105581.90469,4.352503061294556,0.053215838864728776,28.008336244594094,0.0,0.0
1656105582.036032,4.483844995498657,0.053215838864728776,28.008336244594094,0.0,0.0
1656105582.1764119,4.624224901199341,0.053215838864728776,28.008336244594094,0.0,0.0
1656105582.304707,4.7525200843811035,0.053215838864728776,28.008336244594094,0.0,0.0
1656105582.433301,4.8811140060424805,0.053215838864728776,28.008336244594094,0.0,0.0
1656105582.576742,5.024554967880249,0.053177691309987035,27.988258584203706,0.0,0.0
1656105582.704824,5.152637004852295,0.053177691309987035,27.988258584203706,0.0,0.0
1656105582.836339,5.284152030944824,0.053177691309987035,27.988258584203706,0.0,0.0
1656105582.984694,5.432507038116455,0.053177691309987035,27.988258584203706,0.0,0.0
1656105583.112892,5.560704946517944,0.053158617532616165,27.97821975400851,0.0,0.0
1656105583.242037,5.689850091934204,0.053158617532616165,27.97821975400851,0.0,0.0
1656105583.392697,5.840510129928589,0.053120469977874424,27.958142093618118,0.0,0.0
1656105583.520683,5.968496084213257,0.053139543755245294,27.968180923813314,0.0,0.0
1656105583.64853,6.096343040466309,0.053120469977874424,27.958142093618118,0.0,0.0
1656105583.800691,6.248503923416138,0.053120469977874424,27.958142093618118,0.0,0.0
1656105583.928693,6.376506090164185,0.05308232242313268,27.93806443322773,0.0,0.0
1656105584.05676,6.504573106765747,0.05310139620050355,27.948103263422926,0.0,0.0
1656105584.192634,6.64044713973999,0.05310139620050355,27.948103263422926,0.0,0.0
1656105584.3206851,6.768498182296753,0.053120469977874424,27.958142093618118,0.0,0.0
1656105584.4496052,6.897418260574341,0.05310139620050355,27.948103263422926,0.0,0.0
1656105584.592329,7.040142059326172,0.05310139620050355,27.948103263422926,0.0,0.0
1656105584.720761,7.168574094772339,0.05308232242313268,27.93806443322773,0.0,0.0
1656105584.8531651,7.300978183746338,0.05306324864576181,27.928025603032538,0.0,0.0
1656105585.000685,7.448498010635376,0.05828946364538033,30.678665076515966,0.0,0.0
1656105585.1286871,7.576500177383423,0.061436636911573965,32.33507205872314,0.0,0.0
1656105585.2592158,7.707028865814209,0.06364919508659495,33.49957636136576,0.0,0.0
1656105585.4007611,7.848574161529541,0.06370641641870756,33.52969285195135,0.0,0.0
1656105585.528693,7.976505994796753,0.06589990081635767,34.68415832439878,0.0,0.0
1656105585.658776,8.106589078903198,0.06876096742198826,36.18998285367803,0.0,0.0
1656105585.808692,8.256505012512207,0.07097352559700923,37.35448715632065,0.0,0.0
1656105585.936697,8.384510040283203,0.07225146868085756,38.02708877939872,0.0,0.0
1656105586.065172,8.512984991073608,0.07434958419165331,39.13136010087017,0.0,0.0
1656105586.208757,8.656569957733154,0.07679102769512473,40.416330365855124,0.0,0.0
1656105586.336712,8.784524917602539,0.07862211032272831,41.38005806459385,0.0,0.0
1656105586.465173,8.912986040115356,0.08045319295033188,42.34378576333257,0.0,0.0
1656105586.608642,9.056455135345459,0.08266575112535286,43.508290065975196,0.0,0.0
1656105586.7366168,9.18442988395691,0.08459220263981078,44.52221191568989,0.0,0.0
1656105586.866703,9.314516067504883,0.08648050659952697,45.5160561050142,0.0,0.0
1656105587.008684,9.456496953964233,0.08863584344243533,46.65044391707123,0.0,0.0
1656105587.13669,9.584502935409546,0.0905432211795224,47.65432693659074,0.0,0.0
1656105587.266508,9.71432113647461,0.09248874647135119,48.678287616500626,0.0,0.0
1656105587.416624,9.864437103271484,0.09477759975585565,49.88294723992403,0.0,0.0
1656105587.544702,9.992515087127686,0.0966849774929427,50.88683025944353,0.0,0.0
1656105587.6725252,10.120338201522827,0.09863050278477149,51.91079093935342,0.0,0.0
1656105587.8168151,10.264628171920776,0.100766765850309,53.03513992121527,0.0,0.0
1656105587.9448352,10.392648220062256,0.10265506981002517,54.02898411053957,0.0,0.0
1656105588.076363,10.524176120758057,0.10456244754711222,55.03286713005907,0.0,0.0
1656105588.216683,10.664495944976807,0.10669871061264974,56.15721611192092,0.0,0.0
1656105588.344587,10.792400121688843,0.10864423590447853,57.1811767918308,0.0,0.0
1656105588.479399,10.927211999893188,0.11051346608682384,58.16498215095992,0.0,0.0
1656105588.624691,11.072504043579102,0.11287861448081178,59.4097970951641,0.0,0.0
1656105588.752383,11.200196027755737,0.11472877088578622,60.38356362409801,0.0,0.0
1656105588.8811169,11.328929901123047,0.11669336995498589,61.4175631342031,0.0,0.0
1656105589.024693,11.472506046295166,0.11881055924315251,62.53187328586974,0.0,0.0
1656105589.152711,11.600523948669434,0.1206988632028687,63.52571747519406,0.0,0.0
1656105589.282099,11.729912042617798,0.12258716716258487,64.51956166451836,0.0,0.0
1656105589.432694,11.880506992340088,0.12493324177920195,65.75433777852734,0.0,0.0
1656105589.560689,12.008502006530762,0.12685969329365987,66.76825962824203,0.0,0.0
1656105589.689804,12.137617111206055,0.12867170214389256,67.72194849678556,0.0,0.0
1656105589.832696,12.280508995056152,0.13094148165102618,68.91656929001377,0.0,0.0
1656105589.960635,12.408447980880737,0.13284885938811322,69.92045230953329,0.0,0.0
1656105590.089356,12.537168979644775,0.1346799420157168,70.88418000827201,0.0,0.0
1656105590.2405179,12.688330888748169,0.13698786907759214,72.0988784618906,0.0,0.0
1656105590.368674,12.816487073898315,0.13891432059205006,73.1128003116053,0.0,0.0
1656105590.4968529,12.944665908813477,0.14080262455176623,74.1066445009296,0.0,0.0
1656105590.6406772,13.08849024772644,0.14291981383993285,75.22095465259625,0.0,0.0
1656105590.768527,13.216340065002441,0.14486533913176167,76.24491533250614,0.0,0.0
1656105590.899016,13.346828937530518,0.14675364309147784,77.23875952183045,0.0,0.0
1656105591.040697,13.488510131835938,0.14894712748912795,78.39322499427787,0.0,0.0
1656105591.168608,13.616420984268188,0.15083543144884412,79.38706918360216,0.0,0.0
1656105591.298748,13.746561050415039,0.1527237354085603,80.38091337292649,0.0,0.0
1656105591.448809,13.896621942520142,0.15497444113832304,81.5654953359595,0.0,0.0
1656105591.5766,14.024413108825684,0.15690089265278095,82.57941718567419,0.0,0.0
1656105591.705211,14.153023958206177,0.15884641794460974,83.60337786558408,0.0,0.0
1656105591.872701,14.32051396369934,0.16132600900282293,84.90842579095944,0.0,0.0
1656105592.000811,14.44862413406372,0.16327153429465172,85.93238647086933,0.0,0.0
1656105592.1292531,14.57706618309021,0.1651598382543679,86.92623066019362,0.0,0.0
1656105592.2646852,14.712498188018799,0.16720073243305103,88.0003854910795,0.0,0.0
1656105592.392512,14.840325117111206,0.16910811017013808,89.00426851059899,0.0,0.0
1656105592.521399,14.969212055206299,0.17101548790722515,90.0081515301185,0.0,0.0
1656105592.664688,15.11250114440918,0.17315175097276264,91.13250051198034,0.0,0.0
1656105592.79269,15.240503072738647,0.1750591287098497,92.13638353149985,0.0,0.0
1656105592.921037,15.368849992752075,0.17696650644693673,93.14026655101934,0.0,0.0
1656105593.0646899,15.512502908706665,0.1790455481803616,94.2344990422956,0.0,0.0
1656105593.192807,15.640619993209839,0.1810864423590448,95.30865387318148,0.0,0.0
1656105593.320377,15.768190145492554,0.18297474631876098,96.30249806250578,0.0,0.0
1656105593.4646962,15.912509202957153,0.1850919356069276,97.41680821417242,0.0,0.0
1656105593.592802,16.04061508178711,0.18705653467612726,98.45080772427751,0.0,0.0
1656105593.722523,16.1703360080719,0.18892576485847257,99.43461308340662,0.0,0.0
1656105593.87241,16.320223093032837,0.1911764705882353,100.61919504643964,0.0,0.0
1656105594.000609,16.448421955108643,0.1931219958800641,101.64315572634953,0.0,0.0
1656105594.135921,16.583734035491943,0.19501029983978027,102.63699991567384,0.0,0.0
1656105594.28069,16.728502988815308,0.1973182269016556,103.85169836929242,0.0,0.0
1656105594.4084952,16.856308221817017,0.19920653086137177,104.84554255861673,0.0,0.0
1656105594.536694,16.984507083892822,0.20109483482108798,105.83938674794105,0.0,0.0
1656105594.664667,17.11247992515564,0.20305943389028763,106.87338625804612,0.0,0.0
1656105594.792376,17.24018907546997,0.20492866407263294,107.85719161717523,0.0,0.0
1656105594.920693,17.36850595474243,0.2068169680323491,108.85103580649954,0.0,0.0
1656105595.048822,17.49663496017456,0.2087052719920653,109.84487999582385,0.0,0.0
1656105595.1764522,17.62426519393921,0.21065079728389413,110.86884067573375,0.0,0.0
1656105595.312683,17.760496139526367,0.21269169146257727,111.94299550661962,0.0,0.0
1656105595.44081,17.888622999191284,0.21456092164492258,112.92680086574873,0.0,0.0
1656105595.568512,18.016324996948242,0.2165445944914931,113.970839206049,0.0,0.0
1656105595.712686,18.160499095916748,0.21869993133440147,115.10522701810604,0.0,0.0
1656105595.840683,18.288496017456055,0.2205691615167468,116.08903237723517,0.0,0.0
1656105595.97181,18.419623136520386,0.2224383916990921,117.07283773636428,0.0,0.0
1656105596.12888,18.576693058013916,0.2248226138704509,118.32769151076364,0.0,0.0
1656105596.256806,18.70461893081665,0.22678721293965057,119.36169102086873,0.0,0.0
1656105596.387398,18.835211038589478,0.2286945906767376,120.36557404038822,0.0,0.0
1656105596.544857,18.9926700592041,0.23105973907072558,121.61038898459242,0.0,0.0
1656105596.672704,19.120517015457153,0.23296711680781262,122.61427200411191,0.0,0.0
1656105596.8037891,19.251602172851562,0.2349126420996414,123.6382326840218,0.0,0.0
1656105596.96869,19.416502952575684,0.23739223315785457,124.94328060939715,0.00034332799267566946,3.4332799267566947
1656105597.096481,19.544294118881226,0.239242389562829,125.91704713833107,0.00040054932478828106,4.005493247882811
1656105597.2253492,19.67316222190857,0.24116884107728695,126.93096898804576,0.0006103608758678569,6.103608758678568
1656105597.3846881,19.83250117301941,0.24355306324864576,128.18582276244513,0.0007820248722056917,7.820248722056917
1656105597.512693,19.960505962371826,0.24551766231784541,129.2198222725502,0.0008773937590600443,8.773937590600443
1656105597.6410408,20.08885383605957,0.24734874494544898,130.18354997128895,0.0011253528648813612,11.253528648813612
1656105597.784618,20.232430934906006,0.24959945067521172,131.36813193432195,0.0014686808575570306,14.686808575570305
1656105597.912779,20.360592126846313,0.251468680857557,132.35193729345107,0.0019455252918287938,19.45525291828794
1656105598.041495,20.48930811882019,0.2534142061493858,133.37589797336096,0.0018120088502327002,18.120088502327
1656105598.200684,20.648497104644775,0.25570305943389027,134.58055759678436,0.0017929350728618297,17.929350728618296
1656105598.328682,20.7764949798584,0.2575722896162356,135.56436295591345,0.0019836728465705347,19.83672846570535
1656105598.45732,20.90513300895691,0.25955596246280616,136.60840129621377,0.0026321812771801325,26.321812771801326
1656105598.6008298,21.048642873764038,0.2617112993057145,137.7427891082708,0.003223468375677119,32.23468375677119
1656105598.728616,21.17642903327942,0.26361867704280156,138.7466721277903,0.003471427481498436,34.714274814984364
1656105598.85852,21.30633306503296,0.2655451285572595,139.76059397750498,0.003910124361028458,39.101243610284584
1656105599.008685,21.45649814605713,0.26775768673228045,140.92509828014764,0.004444190127412833,44.44190127412833
1656105599.136684,21.58449697494507,0.2697032120241093,141.94905896005753,0.005207141222247654,52.07141222247654
1656105599.266289,21.714102029800415,0.2716296635385672,142.9629808097722,0.00614175631342031,61.4175631342031
1656105599.408608,21.85642099380493,0.27372777904936296,144.06725213124366,0.0068665598535133906,68.66559853513391
1656105599.536654,21.984467029571533,0.2755779354543374,145.04101866017757,0.007019150072480354,70.19150072480355
1656105599.6647959,22.112608909606934,0.27759975585564967,146.10513466086826,0.007305256733043412,73.05256733043412
1656105599.824672,22.27248501777649,0.27994583047226673,147.33991077487724,0.008373388265812161,83.73388265812162
1656105599.952685,22.400498151779175,0.2818341344319829,148.33375496420155,0.009079118028534372,90.79118028534371
1656105600.082422,22.530235052108765,0.2837796597238117,149.35771564411144,0.009555962462806133,95.55962462806133
1656105600.240683,22.688496112823486,0.2861638818951705,150.61256941851082,0.010318913557640955,103.18913557640956
1656105600.368688,22.816501140594482,0.28807125963225755,151.61645243803028,0.01125352864881361,112.5352864881361
1656105600.499348,22.947160959243774,0.2899595635919738,152.61029662735461,0.011863889524681467,118.63889524681467
1656105600.6485708,23.096383810043335,0.2921911955443656,153.78483976019245,0.012817578393224994,128.17578393224994
1656105600.776563,23.22437596321106,0.29411764705882354,154.79876160990713,0.013294422827496759,132.9442282749676
1656105600.905393,23.353205919265747,0.2960250247959106,155.80264462942665,0.014229037918669413,142.29037918669414
1656105601.048692,23.49650502204895,0.29823758297093156,156.96714893206925,0.015621423666742962,156.21423666742962
1656105601.176804,23.624617099761963,0.30010681315327686,157.95095429119834,0.01691844052796216,169.1844052796216
1656105601.308127,23.755939960479736,0.30199511711299304,158.94479848052265,0.018177309834439614,181.77309834439615
1656105601.456682,23.904495000839233,0.3043411917296101,160.17957459453163,0.020370794232089724,203.70794232089725
1656105601.5846558,24.032468795776367,0.3061532005798428,161.13326346307517,0.022812237735561153,228.12237735561152
1656105601.713302,24.161114931106567,0.3081177996490425,162.16726297318027,0.02418554970626383,241.8554970626383
1656105601.888681,24.336493968963623,0.3107118333714809,163.5325438797268,0.02567330434119173,256.73304341191727
1656105602.016315,24.464128017425537,0.3125810635538262,164.51634923885592,0.02706569008926528,270.6569008926528
1656105602.144459,24.59227204322815,0.3145838101777676,165.57042640935137,0.028381780727855344,283.81780727855346
1656105602.272714,24.720526933670044,0.31649118791485464,166.57430942887086,0.030727855344472418,307.2785534447242
1656105602.400689,24.848501920700073,0.3183794918745708,167.5681536181952,0.033054856183718624,330.54856183718624
1656105602.533687,24.981500148773193,0.3202487220569161,168.5519589773243,0.03519111924925612,351.9111924925612
1656105602.6806772,25.128490209579468,0.3224994277866789,169.73654094035732,0.03738460364690623,373.8460364690623
1656105602.808887,25.256700038909912,0.32438773174639507,170.73038512968162,0.03994048981460288,399.4048981460288
1656105602.9421551,25.389968156814575,0.326314183260853,171.74430697939633,0.0416762035553521,416.762035553521
1656105603.1048052,25.552618265151978,0.3288319218738079,173.06943256516206,0.04425116350041962,442.5116350041962
1656105603.232636,25.68044900894165,0.33072022583352406,174.06327675448634,0.04631113145647364,463.1113145647364
1656105603.361108,25.808921098709106,0.3326276035706111,175.06715977400586,0.04888609140154116,488.8609140154116
1656105603.512675,25.960488080978394,0.3349736781872282,176.30193588801484,0.052052338445105664,520.5233844510566
1656105603.6406882,26.08850121498108,0.3368429083695735,177.28574124714393,0.05460822461280232,546.0822461280231
1656105603.7687418,26.216554880142212,0.3387693598840314,178.29966309685864,0.05710688944838636,571.0688944838636
1656105603.936678,26.384490966796875,0.34124895094224456,179.604711022234,0.06010147249561303,601.0147249561303
1656105604.0643399,26.512152910232544,0.34315632867933166,180.6085940417535,0.06284809643701839,628.4809643701839
1656105604.192545,26.640357971191406,0.34504463263904783,181.60243823107783,0.06565194171053636,656.5194171053636
1656105604.3367941,26.78460717201233,0.34723811703669794,182.75690370352524,0.06837949187457085,683.7949187457085
1656105604.464702,26.91251492500305,0.349145494773785,183.76078672304473,0.0720988784618906,720.988784618906
1656105604.595535,27.04334807395935,0.35109102006561377,184.78474740295462,0.07602807660028991,760.2807660028991
1656105604.7526798,27.20049285888672,0.3534561684596017,186.02956234715882,0.08016708628976882,801.6708628976882
1656105604.880679,27.328491926193237,0.35528725108720527,186.9932900458975,0.08287556267643244,828.7556267643243
1656105605.009296,27.457108974456787,0.3572137026016632,188.00721189561222,0.08583199816891737,858.3199816891737
1656105605.144682,27.59249496459961,0.3592164492256046,189.0612890661077,0.09006637674525061,900.6637674525061
1656105605.2728362,27.720649242401123,0.3611429007400625,190.0752109158224,0.09391927977416648,939.1927977416648
1656105605.40129,27.84910297393799,0.3630693522545205,191.08913276553713,0.09498741130693522,949.8741130693522
1656105605.5608041,28.008617162704468,0.36551079575799195,192.37410303052206,0.09885938811322194,988.5938811322194
1656105605.688688,28.13650107383728,0.36738002594033725,193.3579083896512,0.10362783245593957,1036.2783245593957
1656105605.816391,28.264204025268555,0.3692874036774243,194.3617914091707,0.10711833371480889,1071.1833371480889
1656105605.976675,28.424488067626953,0.37165255207141223,195.60660635337487,0.1126115815976196,1126.115815976196
1656105606.1046941,28.552507162094116,0.3735408560311284,196.60045054269918,0.11686503395132372,1168.6503395132372
1656105606.232855,28.680668115615845,0.3754100862134737,197.5842559018283,0.1227016098268101,1227.016098268101
1656105606.384686,28.832499027252197,0.37777523460746165,198.82907084603247,0.12582970931563286,1258.2970931563286
1656105606.512686,28.960499048233032,0.37964446478980696,199.81287620516156,0.12836652170595864,1283.6652170595864
1656105606.6427252,29.090538263320923,0.38155184252689406,200.81675922468108,0.13282978561074235,1328.2978561074235
1656105606.784544,29.232357025146484,0.3837071793698024,201.95114703673815,0.13679713130388343,1367.9713130388343
1656105606.912676,29.36048913002014,0.38561455710688947,202.9550300562576,0.13897154192416267,1389.7154192416267
1656105607.044318,29.492130994796753,0.38748378728923477,203.93883541538673,0.1410124361028458,1410.124361028458
1656105607.192897,29.64071011543274,0.38975356679636836,205.13345620861492,0.1437972075989929,1437.972075989929
1656105607.320684,29.768496990203857,0.3916037232013428,206.10722273754882,0.14692530708781568,1469.2530708781567
1656105607.448428,29.896240949630737,0.3935492484931716,207.13118341745874,0.15074006256198977,1507.4006256198977
1656105607.600631,30.048444032669067,0.39583810177767603,208.3358430408821,0.15388723582818342,1538.8723582818343
1656105607.7285702,30.17638325691223,0.3977454795147631,209.33972606040163,0.15838864728770885,1583.8864728770884
1656105607.8630788,30.31089186668396,0.399671931029221,210.3536479101163,0.1602960250247959,1602.960250247959
1656105608.0246751,30.472488164901733,0.40213244831006334,211.6486570052965,0.16374837872892348,1637.4837872892347
1656105608.1523788,30.600191831588745,0.4040398260471504,212.652540024816,0.16660944533455405,1666.0944533455404
1656105608.281045,30.72885799407959,0.4059853513389792,213.67650070472587,0.1685168230716411,1685.168230716411
1656105608.432626,30.880439043045044,0.40819790951400015,214.8410050073685,0.17191195544365606,1719.1195544365605
1656105608.5607228,31.008535861968994,0.41014343480582893,215.86496568727839,0.17553597314412145,1755.3597314412145
1656105608.691674,31.13948702812195,0.4120317387655451,216.8588098766027,0.17591744869153886,1759.1744869153886
1656105608.848812,31.2966251373291,0.41439688715953304,218.10362482080686,0.1780155642023346,1780.155642023346
1656105608.976798,31.42461109161377,0.4163614862287327,219.13762433091196,0.17956054016937512,1795.6054016937512
1656105609.104705,31.552518129348755,0.4183070115205615,220.16158501082182,0.18266956588082706,1826.6956588082705
1656105609.264666,31.71247911453247,0.4206340123598078,221.3863222946357,0.18265049210345619,1826.504921034562
1656105609.39269,31.840502977371216,0.42254139009689484,222.39020531415517,0.18112458991378655,1811.2458991378655
1656105609.5273228,31.975135803222656,0.4243915465018693,223.3639718430891,0.18245975432974748,1824.5975432974749
1656105609.6883981,32.13621115684509,0.4269092851148242,224.68909742885484,0.18530174715800718,1853.0174715800717
1656105609.816672,32.264485120773315,0.4288357366292821,225.70301927856954,0.18701838712138552,1870.1838712138551
1656105609.948938,32.396750926971436,0.43085755703059436,226.7671352792602,0.1892881666285191,1892.8816662851912
1656105610.096674,32.54448699951172,0.4330319676508736,227.91156192151243,0.19140535591668575,1914.0535591668574
1656105610.2247941,32.67260718345642,0.4348249027237354,228.85521195986075,0.19472419317921721,1947.2419317921722
1656105610.352442,32.80025506019592,0.43680857557030595,229.89925030016104,0.19552529182879377,1955.2529182879377
1656105610.512786,32.960598945617676,0.43926909285114824,231.1942593953412,0.192988479438468,1929.88479438468
1656105610.64072,33.0885329246521,0.44110017547875185,232.1579870940799,0.19075684748607616,1907.5684748607616
1656105610.7704809,33.21829390525818,0.44298847943846803,233.15183128340425,0.19008926527809566,1900.8926527809567
1656105610.928395,33.37620806694031,0.4454108491645686,234.426762718194,0.19155794613565272,1915.5794613565272
1656105611.0565948,33.50440788269043,0.4472800793469139,235.41056807732312,0.19380865186541543,1938.0865186541544
1656105611.1894941,33.63730716705322,0.44918745708400093,236.4144510968426,0.19491493095292592,1949.1493095292592
1656105611.352779,33.80059194564819,0.4517242694743267,237.74961551280356,0.19399938963912414,1939.9938963912414
1656105611.4805892,33.92840218544006,0.45368886854352636,238.78361502290863,0.191958495460441,1919.58495460441
1656105611.610603,34.05841612815857,0.4555199511711299,239.74734272164733,0.19151979858091098,1915.1979858091097
1656105611.760691,34.20850396156311,0.45775158312352177,240.92188585448514,0.1917677576867323,1917.6775768673228
1656105611.8888278,34.33664083480835,0.4596971084153506,241.9458465343951,0.19148165102616924,1914.8165102616924
1656105612.018817,34.46662998199463,0.46160448615243765,242.94972955391455,0.19159609369039446,1915.9609369039447
1656105612.176804,34.62461709976196,0.46393148699168385,244.17446683772837,0.1916914625772488,1916.914625772488
1656105612.304723,34.7525360584259,0.4658960860608835,245.20846634783345,0.18978408484016174,1897.8408484016174
1656105612.435401,34.88321399688721,0.4677843900205997,246.20231053715773,0.19005111772335392,1900.5111772335392
1656105612.584679,35.03249192237854,0.4700350957503624,247.38689250019075,0.18970778973067826,1897.0778973067825
1656105612.712671,35.160484075546265,0.4719233997100786,248.38073668951506,0.1889639124132143,1889.639124132143
1656105612.8406389,35.28845191001892,0.47388799877927823,249.41473619962014,0.1894789044022278,1894.7890440222782
1656105612.992681,35.44049406051636,0.47606240939955746,250.55916284187236,0.18720912489509423,1872.0912489509421
1656105613.12061,35.56842303276062,0.4780270084687571,251.59316235197744,0.18770504310673686,1877.0504310673687
1656105613.2507021,35.69851517677307,0.4798771648737316,252.56692888091138,0.18717097734035248,1871.7097734035249
1656105613.4166028,35.864415884017944,0.4824139772640574,253.9020932968723,0.18719005111772336,1871.9005111772335
1656105613.544378,35.99219107627869,0.4843213550011444,254.90597631639184,0.1879339284351873,1879.339284351873
1656105613.6730518,36.12086486816406,0.4862859540703441,255.93997582649692,0.18640802624551767,1864.0802624551766
1656105613.824726,36.272539138793945,0.4884794384679942,257.09444129894433,0.18345159075303274,1834.5159075303275
1656105613.952678,36.4004909992218,0.4903486686503395,258.07824665807345,0.18162050812542918,1816.2050812542918
1656105614.0804,36.528213024139404,0.4922178988326848,259.0620520172026,0.18240253299763487,1824.0253299763488
1656105614.2166889,36.664501905441284,0.4942778667887388,260.1462456782836,0.18007553215838862,1800.7553215838861
1656105614.344678,36.79249095916748,0.4962233920805676,261.17020635819347,0.17874036774242769,1787.4036774242768
1656105614.47784,36.92565298080444,0.4981116960402838,262.1640505475178,0.1772526131074998,1772.526131074998
1656105614.624318,37.07213091850281,0.5003624017700465,263.3486325105508,0.17536430914778361,1753.6430914778362
1656105614.7526212,37.20043420791626,0.5022316319523918,264.3324378696799,0.17631799801632714,1763.1799801632715
1656105614.882453,37.33026599884033,0.5041771572442206,265.3563985495898,0.17755779354543372,1775.5779354543372
1656105615.032854,37.48066711425781,0.5064660105287251,266.56105817301324,0.17738612954909588,1773.8612954909588
1656105615.160735,37.6085479259491,0.5083161669336995,267.5348247019471,0.17504005493247882,1750.4005493247882
1656105615.291279,37.739092111587524,0.5102044708934157,268.5286688912714,0.17364766918440527,1736.4766918440528
1656105615.440685,37.888498067855835,0.5124933241779202,269.73332851469485,0.17202639810788128,1720.2639810788128
1656105615.568624,38.01643705368042,0.5144007019150072,270.73721153421434,0.17095826657511254,1709.5826657511254
1656105615.696434,38.14424705505371,0.5163080796520942,271.7410945537338,0.17196917677576867,1719.6917677576866
1656105615.848665,38.296478033065796,0.5185397116044862,272.9156376865717,0.17244602121004043,1724.4602121004043
1656105615.976696,38.424509048461914,0.5205043106736859,273.94963719667675,0.17015716792553595,1701.5716792553594
1656105616.105203,38.55301594734192,0.5223544670786603,274.9234037256107,0.16809719996948194,1680.9719996948195
1656105616.2487,38.696512937545776,0.5244335088120852,276.01763621688696,0.1665712977798123,1665.7129777981231
1656105616.3766668,38.824479818344116,0.5263599603265431,277.03155806660163,0.16603723201342793,1660.3723201342793
1656105616.5052822,38.95309519767761,0.5283436331731136,278.0755964069019,0.16668574044403753,1666.8574044403754
1656105616.656665,39.10447812080383,0.5305561913481346,279.24010070954455,0.16479743648432135,1647.9743648432136
1656105616.7847831,39.23259615898132,0.5324444953078508,280.2339448988688,0.1623750667582208,1623.750667582208
1656105616.917401,39.365214109420776,0.5343327992675669,281.2277890881931,0.15938048371099411,1593.8048371099412
1656105617.064766,39.5125789642334,0.5366216525520714,282.43244871161653,0.1589990081635767,1589.990081635767
1656105617.1928298,39.64064288139343,0.5385481040665294,283.44637056133126,0.158808270389868,1588.08270389868
1656105617.322324,39.7701370716095,0.5404364080262456,284.4402147506556,0.15781643396658274,1578.1643396658274
1656105617.4886699,39.93648290634155,0.542877851529717,285.72518501564053,0.15527962157625697,1552.7962157625695
1656105617.616679,40.064491987228394,0.5447661554894332,286.71902920496484,0.15487907225146869,1548.7907225146869
1656105617.744301,40.19211411476135,0.5467307545586328,287.7530287150699,0.15505073624780652,1550.5073624780653
1656105617.8966558,40.34446883201599,0.5489814602883956,288.93761067810294,0.15280003051804378,1528.0003051804379
1656105618.024425,40.472238063812256,0.5508697642481117,289.9314548674272,0.1532959487296864,1532.9594872968642
1656105618.153365,40.60117793083191,0.5528343633173114,290.96545437753235,0.15402075226977952,1540.2075226977952
1656105618.320672,40.7684850692749,0.5553330281528954,292.2805411331029,0.15011062790875104,1501.1062790875105
1656105618.448674,40.89648699760437,0.5572022583352407,293.264346492232,0.14812695506218052,1481.2695506218051
1656105618.581262,41.029075145721436,0.5591096360723278,294.2682295117515,0.14711604486152438,1471.160448615244
1656105618.7287428,41.1765558719635,0.5614938582436866,295.52308328615084,0.14705882352941177,1470.5882352941178
1656105618.856798,41.30461096763611,0.5634584573128862,296.55708279625594,0.14658197909514,1465.8197909514001
1656105618.98504,41.43285298347473,0.5653276874952315,297.54088815538506,0.1458762493324178,1458.762493324178
1656105619.152662,41.60047507286072,0.5677119096665904,298.7957419297844,0.1442549782558938,1442.5497825589382
1656105619.280802,41.728615045547485,0.5696955825131609,299.8397802700847,0.1437972075989929,1437.972075989929
1656105619.411645,41.85945796966553,0.5716029602502479,300.8436632896042,0.14139391165026322,1413.9391165026323
1656105619.560684,42.0084969997406,0.5738727397573815,302.0382840828324,0.14059281300068666,1405.9281300068665
1656105619.688638,42.13645100593567,0.575722896162356,303.01205061176626,0.14021133745326925,1402.1133745326924
1656105619.81756,42.26537299156189,0.5775539787899596,303.9757783105051,0.1392767223620966,1392.767223620966
1656105619.9768488,42.42466187477112,0.579995422293431,305.26074857549,0.13838025482566568,1383.8025482566568
1656105620.104602,42.55241513252258,0.581921873807889,306.2746704252047,0.13883802548256657,1388.3802548256658
1656105620.233856,42.68166899681091,0.5838101777676051,307.268514614529,0.13929579613946746,1392.9579613946746
1656105620.3843222,42.83213520050049,0.5861181048294805,308.4832130681476,0.137006942854963,1370.0694285496302
1656105620.512697,42.96051001548767,0.5880064087891966,309.4770572574719,0.13614862287327384,1361.4862287327385
1656105620.64254,43.09035301208496,0.5898756389715419,310.46086261660105,0.13601510643167775,1360.1510643167774
1656105620.7925901,43.240403175354004,0.5920309758144503,311.59525042865806,0.13439383535515376,1343.9383535515376
1656105620.9206731,43.368486166000366,0.5939574273289082,312.60917227837274,0.13406958113984893,1340.6958113984892
1656105621.0488021,43.496615171432495,0.595902952620737,313.63313295828266,0.13498512245365074,1349.8512245365075
1656105621.208671,43.65648412704468,0.5983253223468376,314.9080643930724,0.13590066376745252,1359.0066376745253
1656105621.336522,43.784335136413574,0.6002136263065537,315.9019085823967,0.13479438467994204,1347.9438467994203
1656105621.46845,43.91626310348511,0.6021019302662699,316.895752771721,0.13401235980773632,1340.123598077363
1656105621.616666,44.06447911262512,0.6043907835507744,318.1004123951444,0.1329251544975967,1329.2515449759671
1656105621.744323,44.19213604927063,0.6062409399557488,319.0741789240783,0.1339551384756237,1339.551384756237
1656105621.873003,44.32081604003906,0.6081483176928358,320.07806194359785,0.13601510643167775,1360.1510643167774
1656105622.016694,44.46450710296631,0.6102845807583733,321.2024109254597,0.1374074921797513,1374.0749217975128
1656105622.144661,44.59247398376465,0.6121347371633478,322.1761774543936,0.13645380331120777,1364.5380331120778
1656105622.275685,44.72349810600281,0.6140421149004348,323.18006047391304,0.13683527885862518,1368.3527885862518
1656105622.42447,44.87228298187256,0.6163500419623102,324.3947589275317,0.1381704432745861,1381.7044327458611
1656105622.552777,45.000590085983276,0.6182764934767682,325.40868077724645,0.1376554512855726,1376.554512855726
1656105622.680937,45.12875008583069,0.6201457236591135,326.3924861363755,0.13796063172350653,1379.6063172350653
1656105622.8325078,45.28032088279724,0.6224727244983597,327.6172234201893,0.13742656595712216,1374.2656595712217
1656105622.96058,45.408393144607544,0.6242465857938506,328.55083462834244,0.1381132219424735,1381.132219424735
1656105623.09375,45.54156303405762,0.626096742198825,329.5246011572763,0.13803692683299001,1380.3692683299003
1656105623.248309,45.69612193107605,0.6285381857022965,330.8095714222613,0.13742656595712216,1374.2656595712217
1656105623.3766122,45.8244252204895,0.6304646372167544,331.823493271976,0.13813229571984437,1381.3229571984436
1656105623.5074408,45.9552538394928,0.6323910887312123,332.8374151216907,0.13923857480735485,1392.3857480735485
1656105623.664762,46.1125750541687,0.634641794460975,334.0219970847237,0.1403067063401236,1403.067063401236
1656105623.792974,46.24078702926636,0.6366254673075455,335.066035425024,0.1394102388036927,1394.1023880369269
1656105623.9227798,46.37059283256531,0.6384374761577782,336.01972429356755,0.1391432059205005,1391.432059205005
1656105624.080777,46.528589963912964,0.6408598458838788,337.29465572835727,0.13754100862134738,1375.4100862134737
1656105624.208661,46.656474113464355,0.6426337071793697,338.2282669365104,0.136568245975433,1365.6824597543298
1656105624.34153,46.7893431186676,0.6446173800259404,339.27230527681076,0.13754100862134738,1375.4100862134737
1656105624.496317,46.944129943847656,0.6470588235294118,340.5572755417957,0.13899061570153354,1389.9061570153353
1656105624.624683,47.07249593734741,0.6490234225986115,341.59127505190077,0.14080262455176623,1408.0262455176623
1656105624.758157,47.20597004890442,0.6508735790035859,342.56504158083465,0.14097428854810407,1409.7428854810407
1656105624.904667,47.35247993469238,0.6531052109559777,343.7395847136725,0.14106965743495842,1410.6965743495841
1656105625.032585,47.48039793968201,0.6548981460288396,344.68323475202084,0.14242389562829022,1424.238956282902
1656105625.163769,47.61158204078674,0.6567864499885557,345.67707894134514,0.1437209124895094,1437.2091248950942
1656105625.3126678,47.760480880737305,0.6590753032730602,346.88173856476857,0.14408331425955598,1440.8331425955598
1656105625.440462,47.888275146484375,0.6609445334554055,347.86554392389763,0.14499885557335776,1449.9885557335776
1656105625.5701928,48.01800584793091,0.662928206301976,348.9095822641979,0.14513237201495385,1451.3237201495385
1656105625.7365901,48.18440318107605,0.6653887235828183,350.20459135937807,0.145551995117113,1455.51995117113
1656105625.864672,48.31248497962952,0.6672770275425345,351.1984355487024,0.1450942244602121,1450.942244602121
1656105625.994224,48.4420371055603,0.6691844052796215,352.20231856822187,0.1442549782558938,1442.5497825589382
1656105626.144633,48.592446088790894,0.6713397421225299,353.33670638027894,0.1460669871061265,1460.669871061265
1656105626.272661,48.72047400474548,0.6733043411917295,354.370705890384,0.14711604486152438,1471.160448615244
1656105626.400823,48.84863615036011,0.6752117189288166,355.3745889099035,0.14803158617532616,1480.3158617532617
1656105626.55266,49.00047302246094,0.6774052033264667,356.52905438235086,0.1477454795147631,1477.454795147631
1656105626.6806662,49.12847924232483,0.679274433508812,357.51285974148,0.14686808575570307,1468.6808575570305
1656105626.809658,49.25747108459473,0.681181811245899,358.51674276099953,0.14734493018997483,1473.4493018997482
1656105626.96067,49.408483028411865,0.6834134431982909,359.6912858938373,0.14925230792706187,1492.5230792706188
1656105627.088595,49.53640794754028,0.6853780422674907,360.7252854039425,0.15024414435034714,1502.4414435034714
1656105627.218484,49.66629695892334,0.6872091248950942,361.6890131026812,0.15173189898527503,1517.3189898527503
1656105627.3846688,49.8324818611145,0.6896505683985656,362.9739833676661,0.15049210345616845,1504.9210345616846
1656105627.512665,49.96047806739807,0.6915770199130236,363.98790521738084,0.1523422598611429,1523.4225986114288
1656105627.641394,50.08920693397522,0.693427176317998,364.9616717463148,0.1544213015945678,1544.2130159456779
1656105627.792577,50.24039006233215,0.6957160296025025,366.16633136973815,0.15533684290836958,1553.3684290836957
1656105627.920607,50.368420124053955,0.6976234073395895,367.17021438925764,0.1548027771419852,1548.0277714198521
1656105628.0514922,50.4993052482605,0.6995498588540474,368.1841362389723,0.1573968108644236,1573.9681086442358
1656105628.192655,50.64046812057495,0.7016479743648432,369.2884075604438,0.1568055237659266,1568.055237659266
1656105628.320616,50.76842904090881,0.7035553521019302,370.29229057996326,0.15735866330968185,1573.5866330968186
1656105628.4502468,50.8980598449707,0.7054436560616464,371.28613476928757,0.1584267948424506,1584.267948424506
1656105628.600668,51.04848098754883,0.7076943617914091,372.47071673232057,0.16023880369268328,1602.388036926833
1656105628.728662,51.176475048065186,0.7095254444190127,373.4344444310593,0.16197451743343252,1619.7451743343252
1656105628.857012,51.30482506752014,0.7114328221560997,374.4383274505788,0.16294728007934692,1629.472800793469
1656105628.984582,51.43239498138428,0.713302052338445,375.42213280970793,0.16149767299916076,1614.9767299916077
1656105629.112405,51.56021809577942,0.7152475776302738,376.44609348961785,0.16182192721446556,1618.2192721446556
1656105629.240669,51.68848204612732,0.7171168078126191,377.4298988487469,0.16323338673990997,1632.3338673990997
1656105629.368716,51.81652903556824,0.7190051117723353,378.42374303807117,0.1644350347142748,1644.3503471427482
1656105629.4974778,51.9452908039093,0.7208552681773097,379.39750956700516,0.1641870756084535,1641.870756084535
1656105629.632731,52.080543994903564,0.7228007934691387,380.42147024691513,0.16422522316319524,1642.2522316319523
1656105629.760661,52.208473920822144,0.7247081712062258,381.4253532664346,0.1634813458457313,1634.813458457313
1656105629.891053,52.338865995407104,0.7266155489433128,382.4292362859542,0.16460669871061265,1646.0669871061266
1656105630.048769,52.49658203125,0.7289044022278173,383.63389590937754,0.16493095292591745,1649.3095292591745
1656105630.176662,52.62447500228882,0.7308117799649043,384.637778928897,0.16794460975051498,1679.4460975051497
1656105630.3078039,52.755616903305054,0.7326619363698788,385.6115454578309,0.16796368352788585,1679.6368352788586
1656105630.456664,52.9044771194458,0.734988937209125,386.8362827416447,0.16969939726863506,1696.9939726863506
1656105630.5844648,53.03227782249451,0.7368581673914703,387.82008810077383,0.17154955367360952,1715.4955367360951
1656105630.712367,53.16018009185791,0.7387655451285573,388.8239711202933,0.17353322652018005,1735.3322652018005
1656105630.856373,53.30418610572815,0.7407492179751278,389.8680094605936,0.1735713740749218,1735.713740749218
1656105630.984658,53.43247103691101,0.742637521934844,390.8618536499179,0.17475394827191576,1747.5394827191576
1656105631.1186528,53.566465854644775,0.7444876783398184,391.8356201788518,0.17496375982299534,1749.6375982299533
1656105631.264725,53.71253800392151,0.7466811627374685,392.99008565129924,0.1764133669031815,1764.1336690318149
1656105631.392405,53.84021806716919,0.7485885404745556,393.9939686708188,0.17635614557106888,1763.5614557106887
1656105631.5220659,53.969878911972046,0.7505340657663844,395.01792935072865,0.17566948958571754,1756.6948958571754
1656105631.680667,54.128479957580566,0.752937361715114,396.28282195532324,0.17727168688487066,1772.7168688487066
1656105631.816483,54.26429605484009,0.7547302967879759,397.2264719936715,0.17765316243228807,1776.5316243228806
1656105631.945101,54.392914056777954,0.7567521171892881,398.29058799436217,0.17793926909285113,1779.3926909285112
1656105632.08866,54.53647303581238,0.7588120851453422,399.37478165544326,0.17929350728618293,1792.9350728618292
1656105632.21678,54.6645929813385,0.7606431677729457,400.33850935418195,0.18095292591744871,1809.5292591744872
1656105632.346313,54.79412603378296,0.7625505455100329,401.3423923737015,0.1830891889829862,1830.891889829862
1656105632.496663,54.94447612762451,0.7647821774624247,402.5169355065393,0.18265049210345619,1826.504921034562
1656105632.624372,55.072185039520264,0.7665751125352865,403.4605855448877,0.18423361562523843,1842.3361562523844
1656105632.754293,55.20210599899292,0.7684443427176318,404.4443909040168,0.1843862058442054,1843.862058442054
1656105632.912684,55.36049699783325,0.7707522697795072,405.65908935763537,0.18343251697566187,1834.3251697566188
1656105633.040659,55.48847198486328,0.7725833524071107,406.6228170563741,0.18446250095368888,1844.6250095368887
1656105633.169795,55.617608070373535,0.7743762874799726,407.56646709472244,0.18570229648279546,1857.0229648279546
1656105633.33678,55.78459310531616,0.7767986572060731,408.84139852951216,0.18724727244983597,1872.4727244983596
1656105633.464661,55.912473917007446,0.7786869611657893,409.83524271883647,0.18823910887312123,1882.3910887312122
1656105633.592454,56.04026699066162,0.7805180437933928,410.79897041757516,0.18846799420157168,1884.6799420157167
1656105633.744651,56.192464113235474,0.7826924544136721,411.9433970598274,0.18837262531471732,1883.7262531471733
1656105633.8726668,56.32047986984253,0.7845998321507591,412.94728007934697,0.18850614175631342,1885.0614175631342
1656105634.0009742,56.448787212371826,0.7865453574425879,413.97124075925683,0.19033722438391698,1903.3722438391699
1656105634.160656,56.608469009399414,0.788891432059205,415.2060168732658,0.19132906080720227,1913.2906080720227
1656105634.288575,56.736387968063354,0.7906843671320668,416.14966691161413,0.19077592126344703,1907.7592126344703
1656105634.416932,56.864745140075684,0.792572671091783,417.14351110093844,0.19251163500419624,1925.1163500419625
1656105634.5846741,57.03248715400696,0.7951285572594796,418.4887143470946,0.19159609369039446,1915.9609369039447
1656105634.7126641,57.16047716140747,0.7969214923323414,419.4323643854429,0.1933699549858854,1933.6995498588542
1656105634.8446069,57.29241991043091,0.798752574959945,420.3960920841816,0.19449530785076677,1944.9530785076677
1656105634.992652,57.44046497344971,0.8009079118028535,421.5304798962387,0.19495307850766766,1949.5307850766767
1656105635.1206012,57.56841421127319,0.8027199206530862,422.4841687647822,0.19359884031433586,1935.9884031433585
1656105635.252797,57.70060992240906,0.8045891508354315,423.46797412391135,0.19483863584344244,1948.3863584344244
1656105635.4166431,57.86445617675781,0.8069352254520485,424.7027502379203,0.19909208819714655,1990.9208819714654
1656105635.544425,57.99223804473877,0.8087281605249104,425.64640027626865,0.20147631036850538,2014.763103685054
1656105635.675195,58.123008012771606,0.8105592431525139,426.61012797500734,0.20286869611657893,2028.6869611657892
1656105635.824666,58.27247905731201,0.8128480964370184,427.8147875984307,0.20086594949263753,2008.6594949263754
1656105635.9526541,58.40046715736389,0.8146982528419928,428.78855412736465,0.19884412909132523,1988.4412909132523
1656105636.0811641,58.528977155685425,0.8166628519111925,429.82255363746975,0.19844357976653695,1984.4357976653696
1656105636.240652,58.6884651184082,0.8189707789730678,431.03725209108836,0.19975967040512702,1997.59670405127
1656105636.368574,58.81638693809509,0.8208018616006714,432.00097978982706,0.20105668726634623,2010.5668726634624
1656105636.496576,58.94438910484314,0.8225947966735332,432.9446298281754,0.20336461432822156,2033.6461432822157
1656105636.656744,59.104557037353516,0.8249027237354085,434.159328281794,0.20397497520408941,2039.7497520408942
1656105636.784697,59.23251008987427,0.826752880140383,435.13309481072787,0.2027542534523537,2027.5425345235371
1656105636.91577,59.36358308792114,0.8286221103227283,436.116900169857,0.20344090943770504,2034.4090943770505
1656105637.0645602,59.512373208999634,0.8308918898298618,437.3115209630852,0.2034027618829633,2034.027618829633
1656105637.192677,59.64049005508423,0.8326657511253528,438.2451321712383,0.20416571297779812,2041.6571297779813
1656105637.320787,59.76859998703003,0.8344968337529564,439.20885986997706,0.204184786755169,2041.84786755169
1656105637.488653,59.93646597862244,0.8369382772564278,440.493830134962,0.20523384451056687,2052.3384451056686
1656105637.616586,60.064399003982544,0.8387502861066605,441.44751900350553,0.20626382848859387,2062.638284885939
1656105637.745229,60.193042039871216,0.8405241474021516,442.3811302116588,0.20654993514915693,2065.499351491569
1656105637.888577,60.336390018463135,0.8424696726939804,443.40509089156865,0.208896009765774,2088.96009765774
1656105638.016772,60.464585065841675,0.8443770504310675,444.4089739110882,0.20832379644464788,2083.2379644464786
1656105638.148872,60.59668493270874,0.8461318379491876,445.3325462890461,0.20632104982070648,2063.210498207065
1656105638.2965918,60.744404792785645,0.8483825436789503,446.51712825207915,0.20616845960173952,2061.684596017395
1656105638.4246552,60.87246823310852,0.8502517738612956,447.50093361120827,0.20691233691920347,2069.1233691920347
1656105638.5544698,61.0022828578949,0.851949340047303,448.39438949858055,0.2066262302586404,2066.262302586404
1656105638.696747,61.14456009864807,0.8539330128938736,449.43842783888084,0.20626382848859387,2062.638284885939
1656105638.824567,61.272380113601685,0.8555161364156558,450.271650745082,0.20756084534981306,2075.6084534981305
1656105638.9526458,61.40045881271362,0.8574616617074846,451.29561142499193,0.20868619821469442,2086.8619821469442
1656105639.104672,61.55248498916626,0.8597505149919891,452.50027104841536,0.2094110017547875,2094.110017547875
1656105639.232676,61.68048906326294,0.8615434500648509,453.4439210867636,0.2108033875028611,2108.033875028611
1656105639.363553,61.81136608123779,0.8633745326924545,454.4076487855024,0.21103227283131154,2110.3227283131155
1656105639.512751,61.96056413650513,0.8655870908674754,455.57215308814494,0.21122301060502024,2112.2301060502023
1656105639.640516,62.08832907676697,0.8673609521629664,456.50576429629814,0.2096589608606088,2096.589608606088
1656105639.769182,62.21699500083923,0.8690775921263447,457.40925901386566,0.20899137865262835,2089.9137865262833
1656105639.920655,62.368468046188354,0.8711375600823987,458.49345267494675,0.20761806668192567,2076.1806668192567
1656105640.0485718,62.49638485908508,0.8728923476005188,459.41702505290465,0.2079804684519722,2079.8046845197223
1656105640.178208,62.62602114677429,0.8747234302281224,460.38075275164334,0.2105363546196689,2105.363546196689
1656105640.3206432,62.76845622062683,0.876688029297322,461.41475226174845,0.210669871061265,2106.69871061265
1656105640.448569,62.896382093429565,0.8785381857022965,462.3885187906824,0.2087052719920653,2087.052719920653
1656105640.5770319,63.02484488487244,0.880388342107271,463.3622853196163,0.2105363546196689,2105.363546196689
1656105640.7286441,63.17645716667175,0.8824864576180668,464.4665566410878,0.21084153505760284,2108.4153505760282
1656105640.85658,63.30439305305481,0.8842984664682995,465.4202455096313,0.21114671549553676,2111.4671549553677
1656105640.9885728,63.43638586997986,0.8860723277637904,466.3538567177845,0.2096589608606088,2096.589608606088
1656105641.136698,63.584511041641235,0.8880941481651027,467.41797271847514,0.21063172350652326,2106.3172350652326
1656105641.264671,63.71248412132263,0.8898298619058519,468.33150626623785,0.2117761501487755,2117.7615014877547
1656105641.3930519,63.84086489677429,0.8916418707560846,469.2851951347814,0.21198596169985506,2119.859616998551
1656105641.536566,63.984379053115845,0.8934729533836882,470.2489228335201,0.2115663385976959,2115.663385976959
1656105641.664503,64.1123161315918,0.8950751506828413,471.09218456991647,0.2128633554589151,2128.633554589151
1656105641.792598,64.24041104316711,0.8966773479819944,471.9354463063128,0.21295872434576946,2129.5872434576945
1656105641.9524758,64.40028882026672,0.898641947051194,472.96944581641793,0.21400778210116733,2140.077821011673
1656105642.0806642,64.52847719192505,0.9002250705729763,473.8026687226191,0.2151331349660487,2151.331349660487
1656105642.208578,64.65639114379883,0.9018272678721294,474.64593045901546,0.21503776607919434,2150.3776607919435
1656105642.3526442,64.800457239151,0.9037727931639582,475.6698911389254,0.21316853589684903,2131.68535896849
1656105642.4807732,64.92858624458313,0.9055085069047074,476.58342468668815,0.21120393682764937,2112.039368276494
1656105642.614063,65.06187605857849,0.9072632944228275,477.50699706464604,0.2116426337071794,2116.426337071794
1656105642.768654,65.2164671421051,0.909399557488365,478.63134604650793,0.21168078126192114,2116.8078126192113
1656105642.896775,65.34458804130554,0.9111161974517433,479.53484076407545,0.2125391012436103,2125.391012436103
1656105643.0306041,65.47841715812683,0.9128137636377508,480.4282966514478,0.21303501945525294,2130.3501945525295
1656105643.184659,65.63247203826904,0.9150263218127718,481.5928009540904,0.2111276417181659,2111.276417181659
1656105643.3125608,65.76037383079529,0.9166475928892958,482.446101520682,0.21065079728389413,2106.5079728389414
1656105643.445921,65.89373397827148,0.9183451590753033,483.3395574080544,0.21120393682764937,2112.039368276494
1656105643.600644,66.04845714569092,0.9204051270313574,484.4237510691355,0.21103227283131154,2110.3227283131155
1656105643.7285619,66.17637491226196,0.922083619439994,485.30716812631266,0.21042191195544369,2104.219119554437
1656105643.856661,66.3044741153717,0.9237239642938888,486.1705075230994,0.21110856794079502,2111.08567940795
1656105644.008645,66.45645809173584,0.9257076371404593,487.2145458633997,0.21372167544060428,2137.2167544060426
1656105644.136658,66.58447098731995,0.9273479819943542,488.0778852601864,0.21343556878004122,2134.3556878004124
1656105644.265523,66.71333599090576,0.9289692530708782,488.931185826778,0.2153238727397574,2153.2387273975737
1656105644.416692,66.86450505256653,0.9308957045853361,489.9451076764927,0.21471351186388954,2147.135118638895
1656105644.544569,66.99238204956055,0.9324788281071184,490.77833058269385,0.21452277409018083,2145.2277409018084
1656105644.6726599,67.12047290802002,0.9340810254062715,491.62159231909027,0.21520943007553217,2152.094300755322
1656105644.824648,67.2724609375,0.9359502555886168,492.6053976782194,0.21694514381628138,2169.4514381628137
1656105644.952563,67.40037608146667,0.9374761577782864,493.40850409383495,0.21665903715571833,2166.590371557183
1656105645.0852401,67.53305315971375,0.9389829861905852,494.2015716792554,0.21414129854276343,2141.4129854276343
1656105645.232651,67.68046402931213,0.940775921263447,495.1452217176037,0.2118333714808881,2118.333714808881
1656105645.3603399,67.80815291404724,0.9422827496757458,495.93828930302413,0.21141374837872895,2114.1374837872895
1656105645.492202,67.94001507759094,0.9437895780880445,496.7313568884445,0.21330205233844513,2133.0205233844513
1656105645.656645,68.10445809364319,0.9457541771572442,497.76535639854956,0.21158541237506678,2115.854123750668
1656105645.784601,68.23241400718689,0.9471847104600595,498.5182686631892,0.21242465857938508,2124.246585793851
1656105645.9151301,68.36294317245483,0.948577096208133,499.25110326743845,0.21147096971084156,2114.7096971084156
1656105646.056635,68.50444793701172,0.9501792935072861,500.09436500383487,0.2082475013351644,2082.475013351644
1656105646.18433,68.63214302062988,0.9516289005874723,500.8573160986697,0.20696955825131608,2069.695582513161
1656105646.31377,68.76158308982849,0.9530212863355458,501.5901507029189,0.2090867475394827,2090.867475394827
1656105646.4646559,68.91246891021729,0.9546997787441824,502.473567760096,0.2121576256961929,2121.576256961929
1656105646.592641,69.04045414924622,0.9562829022659647,503.3067906662972,0.21097505149919893,2109.7505149919893
1656105646.721211,69.1690239906311,0.9587052719920653,504.5817221010871,0.2088197146562905,2088.197146562905
1656105646.880662,69.32847499847412,0.9655527580682078,508.185662141162,0.20576791027695124,2057.679102769512
1656105647.00876,69.45657300949097,0.9663729304951553,508.6173318395554,0.2053482871747921,2053.482871747921
1656105647.1373382,69.58515119552612,0.9623865110246433,506.5192163287596,0.2023727779049363,2023.7277790493629
1656105647.296654,69.74446702003479,0.9571793698023957,503.77861568547144,0.19451438162813764,1945.1438162813763
1656105647.424665,69.87247800827026,0.9530594338902876,501.61022836330926,0.18266956588082706,1826.6956588082705
1656105647.554187,70.00200009346008,0.948882276646067,499.4117245505616,0.16924162661173417,1692.4162661173416
1656105647.696657,70.14446997642517,0.9441329060807202,496.912055831958,0.15476462958724346,1547.6462958724346
1656105647.8245661,70.27237915992737,0.9398794537270161,494.67339669842954,0.1436064698252842,1436.064698252842
1656105647.952689,70.40050196647644,0.9355306324864576,492.3845434139251,0.13172350652323186,1317.2350652323187
1656105648.10445,70.55226302146912,0.9303044174868391,489.63390394044166,0.11699855039291981,1169.985503929198
1656105648.232646,70.68045902252197,0.9258220798046846,487.27477884457085,0.1060120546272984,1060.120546272984
1656105648.361269,70.80908203125,0.9213015945677883,484.8955760883096,0.09674219882505532,967.4219882505532
1656105648.504564,70.95237708091736,0.9161135271229114,482.1650142752165,0.08659494926375219,865.9494926375219
1656105648.640646,71.08845901489258,0.9114785992217899,479.72557853778414,0.07822156099794003,782.2156099794004
1656105648.768331,71.21614408493042,0.9064812695506218,477.0954050266431,0.07143129625391012,714.3129625391012
1656105648.9207628,71.36857581138611,0.9008735790035859,474.14398894925574,0.06395437552452887,639.5437552452887
1656105649.0485709,71.49638390541077,0.89614328221561,471.6543590608474,0.0571450370031281,571.450370031281
1656105649.1763608,71.62417387962341,0.8913748378728924,469.14465151204865,0.05140383001449607,514.0383001449607
1656105649.33678,71.78459310531616,0.88540474555581,466.00249766095266,0.04461356527046616,446.1356527046616
1656105649.46462,71.91243314743042,0.8805790798809797,463.4626736215683,0.040169375143053326,401.69375143053327
1656105649.592778,72.04059100151062,0.875658045319295,460.87265543120793,0.03589684901197833,358.96849011978327
1656105649.752554,72.20036697387695,0.8696307316701,457.7003850895263,0.030231937132829786,302.31937132829785
1656105649.880411,72.32822394371033,0.8648241397726406,455.1705998803372,0.02704661631189441,270.4661631189441
1656105650.013392,72.46120500564575,0.8599984740978104,452.6307758409528,0.02460517280842298,246.0517280842298
1656105650.168372,72.61618494987488,0.8540856031128405,449.51873848044244,0.021515220874341955,215.15220874341955
1656105650.304254,72.75206708908081,0.8489929045548181,446.83837081832536,0.019798580910963606,197.98580910963605
1656105650.433553,72.88136601448059,0.8441863126573588,444.30858560913623,0.018158236057068743,181.58236057068743
1656105650.5843148,73.03212785720825,0.8385023270008392,441.31701421096795,0.015526054779888608,155.26054779888608
1656105650.712696,73.16050910949707,0.8337529564354924,438.81734549236444,0.013275349050125888,132.75349050125888
1656105650.8413062,73.28911924362183,0.8289845120927748,436.3076379435657,0.011673151750972763,116.73151750972762
1656105651.008631,73.45644402503967,0.8228046082246128,433.05505696032253,0.009918364232852674,99.18364232852673
1656105651.1363451,73.58415818214417,0.818055237659266,430.55538824171896,0.008964675364309147,89.64675364309147
1656105651.264683,73.71249604225159,0.8133249408712901,428.0657583533106,0.007763027389944304,77.63027389944304
